Ian,Any prior programming experience? (This class will go over C++)​
Roberto,What do you like most about the campus?​
Gurtaj,What was your most memorable class?  (Memorable can be good or bad)​
Peang,What do you like most about the campus?​
Collin,What year are you? Are you a transfer student? ​
Vivian,What do you like most about the campus?​
Yoonsu,What was your most memorable class?  (Memorable can be good or bad)​
Jose,What year are you? Are you a transfer student? ​
Bryson,What are you most excited about this course?​
Raphael,What are you most excited about this course?​
Michael,What was your most memorable class?  (Memorable can be good or bad)​
Terrell,What year are you? Are you a transfer student? ​
Jorge,What was your most memorable class?  (Memorable can be good or bad)​
Jasson,Any prior programming experience? (This class will go over C++)​
Edgar,Any prior programming experience? (This class will go over C++)​
Alejandro,What are you most excited about this course?​
Dat,Any prior programming experience? (This class will go over C++)​
Josiah,What do you like most about the campus?​
Everest,What projects do you want to accomplish this semester?​
Nathan,Any prior programming experience? (This class will go over C++)​
Ly ,What projects do you want to accomplish this semester?​
Tamish ,What are you most excited about this course?​
Evan,Any prior programming experience? (This class will go over C++)​
Jennifer,What was your most memorable class?  (Memorable can be good or bad)​
Thomas,What are you most excited about this course?​
Anthony,What are you most excited about this course?​
Jun,What do you like most about the campus?​
Zenobi,What are you most excited about this course?​
Pratham,What do you like most about the campus?​
Adam,What projects do you want to accomplish this semester?​
